-- 企业智能问答助手 - 测试种子数据
-- enterprise-qa-data/seed_data.sql

-- ============================================================================
-- 员工数据（10 人）
-- ============================================================================
INSERT INTO employees VALUES
('EMP-000', 'CEO', '管理层', 'P10', '2020-01-01', NULL, 'ceo@company.com', 'active'),
('EMP-001', '张三', '研发部', 'P6', '2023-06-15', 'EMP-000', 'zhangsan@company.com', 'active'),
('EMP-002', '李四', '研发部', 'P7', '2022-03-01', 'EMP-000', 'lisi@company.com', 'active'),
('EMP-003', '王五', '产品部', 'P5', '2024-01-10', 'EMP-004', 'wangwu@company.com', 'active'),
('EMP-004', '赵六', '产品部', 'P6', '2021-09-20', 'EMP-000', 'zhaoliu@company.com', 'active'),
('EMP-005', '钱七', '研发部', 'P5', '2025-02-01', 'EMP-002', 'qianqi@company.com', 'active'),
('EMP-006', '孙八', '市场部', 'P6', '2023-03-15', 'EMP-000', 'sunba@company.com', 'active'),
('EMP-007', '周九', '研发部', 'P7', '2021-06-01', 'EMP-000', 'zhoujiu@company.com', 'active'),
('EMP-008', '吴十', '产品部', 'P4', '2025-07-01', 'EMP-004', 'wushi@company.com', 'active'),
('EMP-009', '离职员工', '研发部', 'P5', '2022-01-01', 'EMP-002', 'left@company.com', 'resigned');

-- ============================================================================
-- 项目数据（5 个项目）
-- ============================================================================
INSERT INTO projects VALUES
('PRJ-001', 'ReMe 记忆框架', 'EMP-001', 'active', '2026-01-01', NULL, 500000),
('PRJ-002', '智能问答系统', 'EMP-002', 'planning', '2026-03-01', NULL, 300000),
('PRJ-003', '移动端 App', 'EMP-007', 'active', '2025-06-01', '2026-06-01', 800000),
('PRJ-004', '数据分析平台', 'EMP-001', 'completed', '2025-01-01', '2025-12-31', 400000),
('PRJ-005', '官网改版', 'EMP-006', 'on_hold', '2026-02-01', NULL, 150000);

-- ============================================================================
-- 项目成员（12 条记录）
-- ============================================================================
INSERT INTO project_members VALUES
('PRJ-001', 'EMP-001', 'lead', '2026-01-01'),
('PRJ-001', 'EMP-002', 'core', '2026-01-15'),
('PRJ-001', 'EMP-005', 'contributor', '2026-02-01'),
('PRJ-002', 'EMP-002', 'lead', '2026-03-01'),
('PRJ-002', 'EMP-001', 'core', '2026-03-01'),
('PRJ-003', 'EMP-007', 'lead', '2025-06-01'),
('PRJ-003', 'EMP-001', 'contributor', '2025-08-01'),
('PRJ-004', 'EMP-001', 'lead', '2025-01-01'),
('PRJ-004', 'EMP-002', 'core', '2025-01-01'),
('PRJ-004', 'EMP-005', 'contributor', '2025-03-01'),
('PRJ-005', 'EMP-006', 'lead', '2026-02-01'),
('PRJ-005', 'EMP-003', 'core', '2026-02-15');

-- ============================================================================
-- 考勤数据（2026 年 2 月，每人 20 个工作日）
-- ============================================================================

-- 张三 2 月考勤（迟到 2 次：2/4, 2/9）
INSERT INTO attendance (employee_id, date, status) VALUES
('EMP-001', '2026-02-02', 'on_time'),
('EMP-001', '2026-02-03', 'on_time'),
('EMP-001', '2026-02-04', 'late'),
('EMP-001', '2026-02-05', 'on_time'),
('EMP-001', '2026-02-06', 'on_time'),
('EMP-001', '2026-02-09', 'late'),
('EMP-001', '2026-02-10', 'on_time'),
('EMP-001', '2026-02-11', 'on_time'),
('EMP-001', '2026-02-12', 'on_time'),
('EMP-001', '2026-02-13', 'on_time'),
('EMP-001', '2026-02-16', 'on_time'),
('EMP-001', '2026-02-17', 'on_time'),
('EMP-001', '2026-02-18', 'on_time'),
('EMP-001', '2026-02-19', 'on_time'),
('EMP-001', '2026-02-20', 'on_time'),
('EMP-001', '2026-02-23', 'on_time'),
('EMP-001', '2026-02-24', 'on_time'),
('EMP-001', '2026-02-25', 'on_time'),
('EMP-001', '2026-02-26', 'on_time'),
('EMP-001', '2026-02-27', 'on_time');

-- 王五 2 月考勤（迟到 5 次：2/2, 2/3, 2/5, 2/9, 2/12）
INSERT INTO attendance (employee_id, date, status) VALUES
('EMP-003', '2026-02-02', 'late'),
('EMP-003', '2026-02-03', 'late'),
('EMP-003', '2026-02-04', 'on_time'),
('EMP-003', '2026-02-05', 'late'),
('EMP-003', '2026-02-06', 'on_time'),
('EMP-003', '2026-02-09', 'late'),
('EMP-003', '2026-02-10', 'on_time'),
('EMP-003', '2026-02-11', 'on_time'),
('EMP-003', '2026-02-12', 'late'),
('EMP-003', '2026-02-13', 'on_time'),
('EMP-003', '2026-02-16', 'on_time'),
('EMP-003', '2026-02-17', 'on_time'),
('EMP-003', '2026-02-18', 'on_time'),
('EMP-003', '2026-02-19', 'on_time'),
('EMP-003', '2026-02-20', 'on_time'),
('EMP-003', '2026-02-23', 'on_time'),
('EMP-003', '2026-02-24', 'on_time'),
('EMP-003', '2026-02-25', 'on_time'),
('EMP-003', '2026-02-26', 'on_time'),
('EMP-003', '2026-02-27', 'on_time');

-- ============================================================================
-- 绩效考核数据（2025 年）
-- ============================================================================
INSERT INTO performance_reviews (employee_id, year, quarter, kpi_score, grade) VALUES
-- 张三（P6，2025 年全年）
('EMP-001', 2025, 1, 88, 'A'),
('EMP-001', 2025, 2, 92, 'A'),
('EMP-001', 2025, 3, 87, 'A'),
('EMP-001', 2025, 4, 90, 'A'),
-- 李四（P7，2025 年全年）
('EMP-002', 2025, 1, 95, 'S'),
('EMP-002', 2025, 2, 93, 'S'),
('EMP-002', 2025, 3, 91, 'A'),
('EMP-002', 2025, 4, 94, 'S'),
-- 王五（P5，2025 年 Q3 开始）
('EMP-003', 2025, 3, 78, 'B'),
('EMP-003', 2025, 4, 82, 'B'),
-- 赵六
('EMP-004', 2025, 1, 89, 'A'),
('EMP-004', 2025, 2, 87, 'A'),
('EMP-004', 2025, 3, 91, 'A'),
('EMP-004', 2025, 4, 88, 'A'),
-- 钱七（2025 年 Q2 开始）
('EMP-005', 2025, 2, 85, 'A'),
('EMP-005', 2025, 3, 83, 'B'),
('EMP-005', 2025, 4, 86, 'A');
